583a5a2824e2ccd022eeb9c0,2017-12-09,https://11brunswickst.co.uk/images/PDF/Enlightened-Eating-Aug-17-03.8.17.pdf
583a5a2824e2ccd022eeb9c0,2017-12-09,https://11brunswickst.co.uk/images/PDF/5-Course-Tasting-menu-01.08.17.pdf
583a5a2824e2ccd022eeb9c0,2017-12-09,https://11brunswickst.co.uk/images/PDF/festive-2017/Seasonal-Scottish-Menu-Jan18-at-10.10.17.pdf
583aac0d24e2ccd022eeb9e7,2017-12-09,https://chaophraya.co.uk/fileadmin/content/Menus_2017/Chaophraya_Menus/Chaophraya_A_La_Carte_Menu.pdf
583aac0d24e2ccd022eeb9e7,2017-12-09,https://chaophraya.co.uk/fileadmin/content/Menus_2017/Chaophraya_Christimas_Menu_PDF.pdf
583a5a2824e2ccd022eeb9c0,2017-12-10,https://11brunswickst.co.uk/images/PDF/Enlightened-Eating-Aug-17-03.8.17.pdf
583a5a2824e2ccd022eeb9c0,2017-12-10,https://11brunswickst.co.uk/images/PDF/5-Course-Tasting-menu-01.08.17.pdf
583a5a2824e2ccd022eeb9c0,2017-12-10,https://11brunswickst.co.uk/images/PDF/festive-2017/Seasonal-Scottish-Menu-Jan18-at-10.10.17.pdf
583aac0d24e2ccd022eeb9e7,2017-12-10,https://chaophraya.co.uk/fileadmin/content/Menus_2017/Chaophraya_Menus/Chaophraya_A_La_Carte_Menu.pdf
583aac0d24e2ccd022eeb9e7,2017-12-10,https://chaophraya.co.uk/fileadmin/content/Menus_2017/Chaophraya_Christimas_Menu_PDF.pdf
583a5a2824e2ccd022eeb9c0,2017-12-10,https://11brunswickst.co.uk/images/PDF/Enlightened-Eating-Aug-17-03.8.17.pdf
583a5a2824e2ccd022eeb9c0,2017-12-10,https://11brunswickst.co.uk/images/PDF/5-Course-Tasting-menu-01.08.17.pdf
583a5a2824e2ccd022eeb9c0,2017-12-10,https://11brunswickst.co.uk/images/PDF/festive-2017/Seasonal-Scottish-Menu-Jan18-at-10.10.17.pdf
583aac0d24e2ccd022eeb9e7,2017-12-10,https://chaophraya.co.uk/fileadmin/content/Menus_2017/Chaophraya_Menus/Chaophraya_A_La_Carte_Menu.pdf
583aac0d24e2ccd022eeb9e7,2017-12-10,https://chaophraya.co.uk/fileadmin/content/Menus_2017/Chaophraya_Christimas_Menu_PDF.pdf
583a5a2824e2ccd022eeb9c0,2017-12-10,https://11brunswickst.co.uk/images/PDF/Enlightened-Eating-Aug-17-03.8.17.pdf
583a5a2824e2ccd022eeb9c0,2017-12-10,https://11brunswickst.co.uk/images/PDF/5-Course-Tasting-menu-01.08.17.pdf
583a5a2824e2ccd022eeb9c0,2017-12-10,https://11brunswickst.co.uk/images/PDF/festive-2017/Seasonal-Scottish-Menu-Jan18-at-10.10.17.pdf
583aac0d24e2ccd022eeb9e7,2017-12-10,https://chaophraya.co.uk/fileadmin/content/Menus_2017/Chaophraya_Menus/Chaophraya_A_La_Carte_Menu.pdf
583aac0d24e2ccd022eeb9e7,2017-12-10,https://chaophraya.co.uk/fileadmin/content/Menus_2017/Chaophraya_Christimas_Menu_PDF.pdf
583a5a2824e2ccd022eeb9c0,2017-12-10,https://11brunswickst.co.uk/images/PDF/Enlightened-Eating-Aug-17-03.8.17.pdf
583a5a2824e2ccd022eeb9c0,2017-12-10,https://11brunswickst.co.uk/images/PDF/5-Course-Tasting-menu-01.08.17.pdf
583a5a2824e2ccd022eeb9c0,2017-12-10,https://11brunswickst.co.uk/images/PDF/festive-2017/Seasonal-Scottish-Menu-Jan18-at-10.10.17.pdf
583aac0d24e2ccd022eeb9e7,2017-12-10,https://chaophraya.co.uk/fileadmin/content/Menus_2017/Chaophraya_Menus/Chaophraya_A_La_Carte_Menu.pdf
583aac0d24e2ccd022eeb9e7,2017-12-10,https://chaophraya.co.uk/fileadmin/content/Menus_2017/Chaophraya_Christimas_Menu_PDF.pdf
583a5a2824e2ccd022eeb9c0,2017-12-10,https://11brunswickst.co.uk/images/PDF/Enlightened-Eating-Aug-17-03.8.17.pdf
583a5a2824e2ccd022eeb9c0,2017-12-10,https://11brunswickst.co.uk/images/PDF/5-Course-Tasting-menu-01.08.17.pdf
583a5a2824e2ccd022eeb9c0,2017-12-10,https://11brunswickst.co.uk/images/PDF/festive-2017/Seasonal-Scottish-Menu-Jan18-at-10.10.17.pdf
583a5a2824e2ccd022eeb9c0,2017-12-10,https://11brunswickst.co.uk/images/PDF/Enlightened-Eating-Aug-17-03.8.17.pdf
583a5a2824e2ccd022eeb9c0,2017-12-10,https://11brunswickst.co.uk/images/PDF/5-Course-Tasting-menu-01.08.17.pdf
583a5a2824e2ccd022eeb9c0,2017-12-10,https://11brunswickst.co.uk/images/PDF/festive-2017/Seasonal-Scottish-Menu-Jan18-at-10.10.17.pdf
583a5a2824e2ccd022eeb9c0,2017-12-10,https://11brunswickst.co.uk/images/PDF/Enlightened-Eating-Aug-17-03.8.17.pdf
583a5a2824e2ccd022eeb9c0,2017-12-10,https://11brunswickst.co.uk/images/PDF/5-Course-Tasting-menu-01.08.17.pdf
583a5a2824e2ccd022eeb9c0,2017-12-10,https://11brunswickst.co.uk/images/PDF/festive-2017/Seasonal-Scottish-Menu-Jan18-at-10.10.17.pdf
583aac0d24e2ccd022eeb9e7,2017-12-10,https://chaophraya.co.uk/fileadmin/content/Menus_2017/Chaophraya_Menus/Chaophraya_A_La_Carte_Menu.pdf
583aac0d24e2ccd022eeb9e7,2017-12-10,https://chaophraya.co.uk/fileadmin/content/Menus_2017/Chaophraya_Christimas_Menu_PDF.pdf
583aac0d24e2ccd022eeb9e7,2017-12-10,https://chaophraya.co.uk/fileadmin/content/Menus_2017/Chaophraya_Menus/Chaophraya_A_La_Carte_Menu.pdf
583aac0d24e2ccd022eeb9e7,2017-12-10,https://chaophraya.co.uk/fileadmin/content/Menus_2017/Chaophraya_Christimas_Menu_PDF.pdf
583aac0d24e2ccd022eeb9e7,2017-12-10,https://chaophraya.co.uk/fileadmin/content/Menus_2017/Chaophraya_Menus/Chaophraya_A_La_Carte_Menu.pdf
583aac0d24e2ccd022eeb9e7,2017-12-10,https://chaophraya.co.uk/fileadmin/content/Menus_2017/Chaophraya_Christimas_Menu_PDF.pdf
583aac0d24e2ccd022eeb9e7,2017-12-10,https://chaophraya.co.uk/fileadmin/content/Menus_2017/Chaophraya_Menus/Chaophraya_A_La_Carte_Menu.pdf
583aac0d24e2ccd022eeb9e7,2017-12-10,https://chaophraya.co.uk/fileadmin/content/Menus_2017/Chaophraya_Christimas_Menu_PDF.pdf
583aac0d24e2ccd022eeb9e7,2017-12-10,https://chaophraya.co.uk/fileadmin/content/Menus_2017/Chaophraya_Menus/Chaophraya_A_La_Carte_Menu.pdf
583aac0d24e2ccd022eeb9e7,2017-12-10,https://chaophraya.co.uk/fileadmin/content/Menus_2017/Chaophraya_Christimas_Menu_PDF.pdf
58428868a112229425cf9c86,2017-12-10,http://www.elementedinburgh.co.uk/wp-content/uploads/sites/8/2017/05/Drinks-menu-Spring-2017.pdf
58428868a112229425cf9c86,2017-12-10,http://www.elementedinburgh.co.uk/wp-content/uploads/sites/8/2017/09/New-Element-Day-menu-September-Day.2017.pdf
58428868a112229425cf9c86,2017-12-10,http://www.elementedinburgh.co.uk/wp-content/uploads/sites/8/2017/09/Element-Evening-menu-September2017.pdf
58428868a112229425cf9c86,2017-12-10,http://www.elementedinburgh.co.uk/wp-content/uploads/sites/8/2017/09/New-Element-Day-Gluten-free-menu-September.2017.pdf
58428868a112229425cf9c86,2017-12-10,http://www.elementedinburgh.co.uk/wp-content/uploads/sites/8/2017/09/Element-Evening-gluten-free-menu-September.2017.pdf
58428868a112229425cf9c86,2017-12-10,http://www.elementedinburgh.co.uk/wp-content/uploads/sites/8/2017/05/Drinks-menu-Spring-2017.pdf
58428868a112229425cf9c86,2017-12-10,http://www.elementedinburgh.co.uk/wp-content/uploads/sites/8/2017/09/New-Element-Day-menu-September-Day.2017.pdf
58428868a112229425cf9c86,2017-12-10,http://www.elementedinburgh.co.uk/wp-content/uploads/sites/8/2017/09/Element-Evening-menu-September2017.pdf
58428868a112229425cf9c86,2017-12-10,http://www.elementedinburgh.co.uk/wp-content/uploads/sites/8/2017/09/New-Element-Day-Gluten-free-menu-September.2017.pdf
58428868a112229425cf9c86,2017-12-10,http://www.elementedinburgh.co.uk/wp-content/uploads/sites/8/2017/09/Element-Evening-gluten-free-menu-September.2017.pdf
58428868a112229425cf9c86,2017-12-10,http://www.elementedinburgh.co.uk/wp-content/uploads/sites/8/2017/05/Drinks-menu-Spring-2017.pdf
58428868a112229425cf9c86,2017-12-10,http://www.elementedinburgh.co.uk/wp-content/uploads/sites/8/2017/09/New-Element-Day-menu-September-Day.2017.pdf
58428868a112229425cf9c86,2017-12-10,http://www.elementedinburgh.co.uk/wp-content/uploads/sites/8/2017/09/Element-Evening-menu-September2017.pdf
58428868a112229425cf9c86,2017-12-10,http://www.elementedinburgh.co.uk/wp-content/uploads/sites/8/2017/09/New-Element-Day-Gluten-free-menu-September.2017.pdf
58428868a112229425cf9c86,2017-12-10,http://www.elementedinburgh.co.uk/wp-content/uploads/sites/8/2017/09/Element-Evening-gluten-free-menu-September.2017.pdf
58428868a112229425cf9c86,2017-12-10,http://www.elementedinburgh.co.uk/wp-content/uploads/sites/8/2017/05/Drinks-menu-Spring-2017.pdf
58428868a112229425cf9c86,2017-12-10,http://www.elementedinburgh.co.uk/wp-content/uploads/sites/8/2017/09/New-Element-Day-menu-September-Day.2017.pdf
58428868a112229425cf9c86,2017-12-10,http://www.elementedinburgh.co.uk/wp-content/uploads/sites/8/2017/09/Element-Evening-menu-September2017.pdf
58428868a112229425cf9c86,2017-12-10,http://www.elementedinburgh.co.uk/wp-content/uploads/sites/8/2017/09/New-Element-Day-Gluten-free-menu-September.2017.pdf
58428868a112229425cf9c86,2017-12-10,http://www.elementedinburgh.co.uk/wp-content/uploads/sites/8/2017/09/Element-Evening-gluten-free-menu-September.2017.pdf
58428868a112229425cf9c86,2017-12-10,http://www.elementedinburgh.co.uk/wp-content/uploads/sites/8/2017/05/Drinks-menu-Spring-2017.pdf
58428868a112229425cf9c86,2017-12-10,http://www.elementedinburgh.co.uk/wp-content/uploads/sites/8/2017/09/New-Element-Day-menu-September-Day.2017.pdf
58428868a112229425cf9c86,2017-12-10,http://www.elementedinburgh.co.uk/wp-content/uploads/sites/8/2017/09/Element-Evening-menu-September2017.pdf
58428868a112229425cf9c86,2017-12-10,http://www.elementedinburgh.co.uk/wp-content/uploads/sites/8/2017/09/New-Element-Day-Gluten-free-menu-September.2017.pdf
58428868a112229425cf9c86,2017-12-10,http://www.elementedinburgh.co.uk/wp-content/uploads/sites/8/2017/09/Element-Evening-gluten-free-menu-September.2017.pdf
58428868a112229425cf9c86,2017-12-10,http://www.elementedinburgh.co.uk/wp-content/uploads/sites/8/2017/05/Drinks-menu-Spring-2017.pdf
58428868a112229425cf9c86,2017-12-10,http://www.elementedinburgh.co.uk/wp-content/uploads/sites/8/2017/09/New-Element-Day-menu-September-Day.2017.pdf
58428868a112229425cf9c86,2017-12-10,http://www.elementedinburgh.co.uk/wp-content/uploads/sites/8/2017/09/Element-Evening-menu-September2017.pdf
58428868a112229425cf9c86,2017-12-10,http://www.elementedinburgh.co.uk/wp-content/uploads/sites/8/2017/09/New-Element-Day-Gluten-free-menu-September.2017.pdf
58428868a112229425cf9c86,2017-12-10,http://www.elementedinburgh.co.uk/wp-content/uploads/sites/8/2017/09/Element-Evening-gluten-free-menu-September.2017.pdf
58428868a112229425cf9c86,2017-12-10,http://www.elementedinburgh.co.uk/wp-content/uploads/sites/8/2017/05/Drinks-menu-Spring-2017.pdf
58428868a112229425cf9c86,2017-12-10,http://www.elementedinburgh.co.uk/wp-content/uploads/sites/8/2017/09/New-Element-Day-menu-September-Day.2017.pdf
58428868a112229425cf9c86,2017-12-10,http://www.elementedinburgh.co.uk/wp-content/uploads/sites/8/2017/09/Element-Evening-menu-September2017.pdf
58428868a112229425cf9c86,2017-12-10,http://www.elementedinburgh.co.uk/wp-content/uploads/sites/8/2017/09/New-Element-Day-Gluten-free-menu-September.2017.pdf
58428868a112229425cf9c86,2017-12-10,http://www.elementedinburgh.co.uk/wp-content/uploads/sites/8/2017/09/Element-Evening-gluten-free-menu-September.2017.pdf
58428868a112229425cf9c86,2017-12-10,http://www.elementedinburgh.co.uk/wp-content/uploads/sites/8/2017/05/Drinks-menu-Spring-2017.pdf
58428868a112229425cf9c86,2017-12-10,http://www.elementedinburgh.co.uk/wp-content/uploads/sites/8/2017/09/New-Element-Day-menu-September-Day.2017.pdf
58428868a112229425cf9c86,2017-12-10,http://www.elementedinburgh.co.uk/wp-content/uploads/sites/8/2017/09/Element-Evening-menu-September2017.pdf
58428868a112229425cf9c86,2017-12-10,http://www.elementedinburgh.co.uk/wp-content/uploads/sites/8/2017/09/New-Element-Day-Gluten-free-menu-September.2017.pdf
58428868a112229425cf9c86,2017-12-10,http://www.elementedinburgh.co.uk/wp-content/uploads/sites/8/2017/09/Element-Evening-gluten-free-menu-September.2017.pdf
58428868a112229425cf9c86,2017-12-10,http://www.elementedinburgh.co.uk/wp-content/uploads/sites/8/2017/05/Drinks-menu-Spring-2017.pdf
58428868a112229425cf9c86,2017-12-10,http://www.elementedinburgh.co.uk/wp-content/uploads/sites/8/2017/09/New-Element-Day-menu-September-Day.2017.pdf
58428868a112229425cf9c86,2017-12-10,http://www.elementedinburgh.co.uk/wp-content/uploads/sites/8/2017/09/Element-Evening-menu-September2017.pdf
58428868a112229425cf9c86,2017-12-10,http://www.elementedinburgh.co.uk/wp-content/uploads/sites/8/2017/09/New-Element-Day-Gluten-free-menu-September.2017.pdf
58428868a112229425cf9c86,2017-12-10,http://www.elementedinburgh.co.uk/wp-content/uploads/sites/8/2017/09/Element-Evening-gluten-free-menu-September.2017.pdf
58428868a112229425cf9c86,2017-12-10,http://www.elementedinburgh.co.uk/wp-content/uploads/sites/8/2017/05/Drinks-menu-Spring-2017.pdf
58428868a112229425cf9c86,2017-12-10,http://www.elementedinburgh.co.uk/wp-content/uploads/sites/8/2017/09/New-Element-Day-menu-September-Day.2017.pdf
58428868a112229425cf9c86,2017-12-10,http://www.elementedinburgh.co.uk/wp-content/uploads/sites/8/2017/09/Element-Evening-menu-September2017.pdf
58428868a112229425cf9c86,2017-12-10,http://www.elementedinburgh.co.uk/wp-content/uploads/sites/8/2017/09/New-Element-Day-Gluten-free-menu-September.2017.pdf
58428868a112229425cf9c86,2017-12-10,http://www.elementedinburgh.co.uk/wp-content/uploads/sites/8/2017/09/Element-Evening-gluten-free-menu-September.2017.pdf
58428868a112229425cf9c86,2017-12-10,http://www.elementedinburgh.co.uk/wp-content/uploads/sites/8/2017/05/Drinks-menu-Spring-2017.pdf
58428868a112229425cf9c86,2017-12-10,http://www.elementedinburgh.co.uk/wp-content/uploads/sites/8/2017/09/New-Element-Day-menu-September-Day.2017.pdf
58428868a112229425cf9c86,2017-12-10,http://www.elementedinburgh.co.uk/wp-content/uploads/sites/8/2017/09/Element-Evening-menu-September2017.pdf
58428868a112229425cf9c86,2017-12-10,http://www.elementedinburgh.co.uk/wp-content/uploads/sites/8/2017/09/New-Element-Day-Gluten-free-menu-September.2017.pdf
58428868a112229425cf9c86,2017-12-10,http://www.elementedinburgh.co.uk/wp-content/uploads/sites/8/2017/09/Element-Evening-gluten-free-menu-September.2017.pdf
58428868a112229425cf9c86,2017-12-10,http://www.elementedinburgh.co.uk/wp-content/uploads/sites/8/2017/05/Drinks-menu-Spring-2017.pdf
58428868a112229425cf9c86,2017-12-10,http://www.elementedinburgh.co.uk/wp-content/uploads/sites/8/2017/09/New-Element-Day-menu-September-Day.2017.pdf
58428868a112229425cf9c86,2017-12-10,http://www.elementedinburgh.co.uk/wp-content/uploads/sites/8/2017/09/Element-Evening-menu-September2017.pdf
58428868a112229425cf9c86,2017-12-10,http://www.elementedinburgh.co.uk/wp-content/uploads/sites/8/2017/09/New-Element-Day-Gluten-free-menu-September.2017.pdf
58428868a112229425cf9c86,2017-12-10,http://www.elementedinburgh.co.uk/wp-content/uploads/sites/8/2017/09/Element-Evening-gluten-free-menu-September.2017.pdf
58428868a112229425cf9c86,2017-12-10,http://www.elementedinburgh.co.uk/wp-content/uploads/sites/8/2017/05/Drinks-menu-Spring-2017.pdf
58428868a112229425cf9c86,2017-12-10,http://www.elementedinburgh.co.uk/wp-content/uploads/sites/8/2017/09/New-Element-Day-menu-September-Day.2017.pdf
58428868a112229425cf9c86,2017-12-10,http://www.elementedinburgh.co.uk/wp-content/uploads/sites/8/2017/09/Element-Evening-menu-September2017.pdf
58428868a112229425cf9c86,2017-12-10,http://www.elementedinburgh.co.uk/wp-content/uploads/sites/8/2017/09/New-Element-Day-Gluten-free-menu-September.2017.pdf
58428868a112229425cf9c86,2017-12-10,http://www.elementedinburgh.co.uk/wp-content/uploads/sites/8/2017/09/Element-Evening-gluten-free-menu-September.2017.pdf
